water_year,opening_date,opening_level_ft,opening_storage_TMC,total_inflow_TMC,total_outflow_TMC,closing_date,closing_level_ft,closing_storage_TMC,surplus_flow_TMC,source,source_url
1977-1978,15.07.77,59.0,23.95,304.74,299.2,,38.38,11.27,37.49,"Tamil Nadu Government Agrisnet, VII.10 Mettur Reservoir Opening & Closing Details",https://www.tnagrisnet.tn.gov.in/dashboard/report/07_10.pdf
1978-1979,05.07.78,82.65,44.65,380.93,356.32,,72.2,34.62,21.32,"Tamil Nadu Government Agrisnet, VII.10 Mettur Reservoir Opening & Closing Details",https://www.tnagrisnet.tn.gov.in/dashboard/report/07_10.pdf
1979-1980,12.06.79,87.83,50.2,324.41,302.62,,99.28,63.91,29.3,"Tamil Nadu Government Agrisnet, VII.10 Mettur Reservoir Opening & Closing Details",https://www.tnagrisnet.tn.gov.in/dashboard/report/07_10.pdf
1980-1981,12.06.80,102.18,67.69,394.01,436.44,,44.35,14.44,69.2,"Tamil Nadu Government Agrisnet, VII.10 Mettur Reservoir Opening & Closing Details",https://www.tnagrisnet.tn.gov.in/dashboard/report/07_10.pdf
1981-1982,11.07.81,81.4,43.37,403.2,392.47,,51.4,25.74,96.67,"Tamil Nadu Government Agrisnet, VII.10 Mettur Reservoir Opening & Closing Details",https://www.tnagrisnet.tn.gov.in/dashboard/report/07_10.pdf
1982-1983,21.06.82,72.95,35.29,173.1,195.3,,17.38,3.37,0.0,"Tamil Nadu Government Agrisnet, VII.10 Mettur Reservoir Opening & Closing Details",https://www.tnagrisnet.tn.gov.in/dashboard/report/07_10.pdf
1983-1984,17.06.83,86.8,49.07,230.37,196.74,,61.7,25.97,0.0,"Tamil Nadu Government Agrisnet, VII.10 Mettur Reservoir Opening & Closing Details",https://www.tnagrisnet.tn.gov.in/dashboard/report/07_10.pdf
1984-1985,12.06.84,81.05,43.01,384.36,316.2,,34.63,9.49,0.0,"Tamil Nadu Government Agrisnet, VII.10 Mettur Reservoir Opening & Closing Details",https://www.tnagrisnet.tn.gov.in/dashboard/report/07_10.pdf
1985-1986,08.07.85,68.75,31.64,158.28,164.43,,12.9,2.6,0.0,"Tamil Nadu Government Agrisnet, VII.10 Mettur Reservoir Opening & Closing Details",https://www.tnagrisnet.tn.gov.in/dashboard/report/07_10.pdf
1986-1987,21.08.86,96.3,60.15,187.36,187.52,,21.45,4.53,0.0,"Tamil Nadu Government Agrisnet, VII.10 Mettur Reservoir Opening & Closing Details",https://www.tnagrisnet.tn.gov.in/dashboard/report/07_10.pdf
1987-1988,09.11.87,82.0,43.98,103.9,93.94,,26.0,6.03,0.0,"Tamil Nadu Government Agrisnet, VII.10 Mettur Reservoir Opening & Closing Details",https://www.tnagrisnet.tn.gov.in/dashboard/report/07_10.pdf
1988-1989,07.08.88,74.75,36.92,181.37,188.09,,17.05,3.29,0.0,"Tamil Nadu Government Agrisnet, VII.10 Mettur Reservoir Opening & Closing Details",https://www.tnagrisnet.tn.gov.in/dashboard/report/07_10.pdf
1989-1990,20.08.89,88.0,50.87,175.64,167.25,,22.2,4.77,0.0,"Tamil Nadu Government Agrisnet, VII.10 Mettur Reservoir Opening & Closing Details",https://www.tnagrisnet.tn.gov.in/dashboard/report/07_10.pdf
1990-1991,22.08.90,82.95,44.8,143.61,148.23,,25.9,5.94,0.0,"Tamil Nadu Government Agrisnet, VII.10 Mettur Reservoir Opening & Closing Details",https://www.tnagrisnet.tn.gov.in/dashboard/report/07_10.pdf
1991-1992,21.07.91,84.5,46.59,303.9,260.81,,10.7,72.15,14.82,"Tamil Nadu Government Agrisnet, VII.10 Mettur Reservoir Opening & Closing Details",https://www.tnagrisnet.tn.gov.in/dashboard/report/07_10.pdf
1992-1993,12.06.92,99.35,64.0,343.96,332.2,,99.28,6.91,8.15,"Tamil Nadu Government Agrisnet, VII.10 Mettur Reservoir Opening & Closing Details",https://www.tnagrisnet.tn.gov.in/dashboard/report/07_10.pdf
1993-1994,12.06.93,95.75,59.47,228.63,201.3,,96.5,60.4,21.34,"Tamil Nadu Government Agrisnet, VII.10 Mettur Reservoir Opening & Closing Details",https://www.tnagrisnet.tn.gov.in/dashboard/report/07_10.pdf
1994-1995,12.06.94,97.2,61.27,374.42,378.34,,68.97,31.82,51.51,"Tamil Nadu Government Agrisnet, VII.10 Mettur Reservoir Opening & Closing Details",https://www.tnagrisnet.tn.gov.in/dashboard/report/07_10.pdf
1995-1996,03.07.95,74.03,36.26,182.52,205.68,,22.47,4.85,1.02,"Tamil Nadu Government Agrisnet, VII.10 Mettur Reservoir Opening & Closing Details",https://www.tnagrisnet.tn.gov.in/dashboard/report/07_10.pdf
1996-1997,26.07.96,52.13,19.18,243.98,174.92,,98.39,62.44,4.84,"Tamil Nadu Government Agrisnet, VII.10 Mettur Reservoir Opening & Closing Details",https://www.tnagrisnet.tn.gov.in/dashboard/report/07_10.pdf
1997-1998,12.06.97,97.38,61.5,268.06,239.67,,107.92,75.49,21.46,"Tamil Nadu Government Agrisnet, VII.10 Mettur Reservoir Opening & Closing Details",https://www.tnagrisnet.tn.gov.in/dashboard/report/07_10.pdf
1998-1999,20.06.98,105.39,72.0,237.26,250.63,,74.7,36.88,0.0,"Tamil Nadu Government Agrisnet, VII.10 Mettur Reservoir Opening & Closing Details",https://www.tnagrisnet.tn.gov.in/dashboard/report/07_10.pdf
1999-2000,01.07.99,87.35,49.67,268.99,224.44,,104.82,71.23,5.91,"Tamil Nadu Government Agrisnet, VII.10 Mettur Reservoir Opening & Closing Details",https://www.tnagrisnet.tn.gov.in/dashboard/report/07_10.pdf
2000-2001,12.06.00,104.1,70.26,306.19,295.88,,95.06,58.63,47.55,"Tamil Nadu Government Agrisnet, VII.10 Mettur Reservoir Opening & Closing Details",https://www.tnagrisnet.tn.gov.in/dashboard/report/07_10.pdf
2001-2002,12.06.01,98.05,62.34,162.73,201.26,,51.3,18.64,5.32,"Tamil Nadu Government Agrisnet, VII.10 Mettur Reservoir Opening & Closing Details",https://www.tnagrisnet.tn.gov.in/dashboard/report/07_10.pdf
2002-2003,06.09.02,66.94,30.13,93.99,96.14,,28.16,6.81,0.0,"Tamil Nadu Government Agrisnet, VII.10 Mettur Reservoir Opening & Closing Details",https://www.tnagrisnet.tn.gov.in/dashboard/report/07_10.pdf
2003-2004,07.10.03,72.52,34.9,65.93,58.28,,29.99,7.52,0.0,"Tamil Nadu Government Agrisnet, VII.10 Mettur Reservoir Opening & Closing Details",https://www.tnagrisnet.tn.gov.in/dashboard/report/07_10.pdf
2004-2005,12.08.04,93.11,56.28,163.99,138.52,,56.26,21.29,17.72,"Tamil Nadu Government Agrisnet, VII.10 Mettur Reservoir Opening & Closing Details",https://www.tnagrisnet.tn.gov.in/dashboard/report/07_10.pdf
2005-2006,04.08.05,106.32,73.28,401.3,311.69,,112.24,81.63,278.91,"Tamil Nadu Government Agrisnet, VII.10 Mettur Reservoir Opening & Closing Details",https://www.tnagrisnet.tn.gov.in/dashboard/report/07_10.pdf
2006-2007,12.06.06,115.27,83.13,235.92,268.44,,84.56,56.65,18.82,"Tamil Nadu Government Agrisnet, VII.10 Mettur Reservoir Opening & Closing Details",https://www.tnagrisnet.tn.gov.in/dashboard/report/07_10.pdf
2007-2008,18.07.07,109.85,78.2,345.01,307.6,,94.67,58.15,96.99,"Tamil Nadu Government Agrisnet, VII.10 Mettur Reservoir Opening & Closing Details",https://www.tnagrisnet.tn.gov.in/dashboard/report/07_10.pdf
2008-2009,12.06.08,103.31,69.2,203.84,241.14,,62.23,26.38,60.37,"Tamil Nadu Government Agrisnet, VII.10 Mettur Reservoir Opening & Closing Details",https://www.tnagrisnet.tn.gov.in/dashboard/report/07_10.pdf
2009-2010,28.07.09,94.8,58.31,219.71,192.59,,76.81,38.85,22.06,"Tamil Nadu Government Agrisnet, VII.10 Mettur Reservoir Opening & Closing Details",https://www.tnagrisnet.tn.gov.in/dashboard/report/07_10.pdf
2010-2011,28.07.10,82.49,44.48,193.39,140.97,,109.39,77.55,43.68,"Tamil Nadu Government Agrisnet, VII.10 Mettur Reservoir Opening & Closing Details",https://www.tnagrisnet.tn.gov.in/dashboard/report/07_10.pdf
2011-2012,06.06.11,116.0,87.23,206.78,252.17,,83.5,45.54,0.0,"Tamil Nadu Government Agrisnet, VII.10 Mettur Reservoir Opening & Closing Details",https://www.tnagrisnet.tn.gov.in/dashboard/report/07_10.pdf
2012-2013,17.09.12,84.15,46.21,69.71,108.7,,29.72,7.41,0.0,"Tamil Nadu Government Agrisnet, VII.10 Mettur Reservoir Opening & Closing Details",https://www.tnagrisnet.tn.gov.in/dashboard/report/07_10.pdf
2013-2014,02.08.13,109.33,77.46,235.61,209.56,,51.38,18.69,0.0,"Tamil Nadu Government Agrisnet, VII.10 Mettur Reservoir Opening & Closing Details",https://www.tnagrisnet.tn.gov.in/dashboard/report/07_10.pdf
2014-2015,10.08.14,111.7,80.58,208.1,187.02,,77.12,39.15,0.0,"Tamil Nadu Government Agrisnet, VII.10 Mettur Reservoir Opening & Closing Details",https://www.tnagrisnet.tn.gov.in/dashboard/report/07_10.pdf
2015-2016,09.08.15,96.51,60.41,96.67,144.37,,61.06,25.48,0.0,"Tamil Nadu Government Agrisnet, VII.10 Mettur Reservoir Opening & Closing Details",https://www.tnagrisnet.tn.gov.in/dashboard/report/07_10.pdf
2016-2017,21.08.16,87.68,50.03,62.2,69.3,,41.11,12.66,0.0,"Tamil Nadu Government Agrisnet, VII.10 Mettur Reservoir Opening & Closing Details",https://www.tnagrisnet.tn.gov.in/dashboard/report/07_10.pdf
2017-2018,02.10.17,94.93,58.67,117.05,105.18,,44.22,14.36,0.0,"Tamil Nadu Government Agrisnet, VII.10 Mettur Reservoir Opening & Closing Details",https://www.tnagrisnet.tn.gov.in/dashboard/report/07_10.pdf
2018-2019,19.07.18,112.04,81.34,371.48,348.18,,70.81,33.4,141.85,"Tamil Nadu Government Agrisnet, VII.10 Mettur Reservoir Opening & Closing Details",https://www.tnagrisnet.tn.gov.in/dashboard/report/07_10.pdf
2019-2020,13.08.19,101.22,66.43,258.9,198.13,,107.55,74.97,,"Tamil Nadu Government Agrisnet, VII.10 Mettur Reservoir Opening & Closing Details",https://www.tnagrisnet.tn.gov.in/dashboard/report/07_10.pdf
2020-2021,12.06.20,101.73,67.81,204.28,189.66,,105.96,72.78,,"Tamil Nadu Government Agrisnet, VII.10 Mettur Reservoir Opening & Closing Details",https://www.tnagrisnet.tn.gov.in/dashboard/report/07_10.pdf
